doc_id,password
D0001,UHXS08Js
D0002,pClKx8Fr
D0003,zjdVEVxI
D0004,rf384DnA
D0005,NlQA0QgB
D0006,nQMLiVev
D0007,APGUga1J
D0008,IldTis0l
D0009,nLcXpZLU
D0010,JTcwnivf
D0011,ICsMNUyq
D0012,WfN2Hb7W
D0013,HIyA6alA
D0014,utUGZjCE
D0015,FDQvqew2
D0016,qHHcU7dE
D0017,CYVkiCBT
D0018,Z7e705gN
D0019,rdFnCsfU
D0020,Gxkt3iGk
D0021,N4fMo8fZ
D0022,9MoorcXg
D0023,QiO4wxcH
D0024,eCsUdcvH
D0025,gApaKmEs
D0026,7yuyAjWg
D0027,GAWDQKJt
D0028,3W26OqmA
D0029,xOVTfx6z
D0030,pjushuvt
D0031,YxfklLLs
D0032,zJZPpZit
D0033,9nRzAd8O
D0034,BMQFygkV
D0035,ibgEKO9R
D0036,etExm1xb
D0037,7KvbuC6w
D0038,8D3Ou7x2
D0039,xjjTk7a7
D0040,ZYImGueO
D0041,sb8xSZyZ
D0042,IIXLnjn2
D0043,UsqRLzIS
D0044,5Gt8zQxp
D0045,J0kT5MSv
D0046,htR1tDHK
D0047,duKstqLy
D0048,uDjfw3MA
D0049,rQ9GxwxE
D0050,nsGuB4Dp
D0051,LneVavzq
D0052,kC9F6iui
D0053,IhRpBnSr
D0054,XdjZNARd
D0055,XSd0Q2Q1
D0056,fBu6LbpK
D0057,9nhuBt3K
D0058,4GD6gjvG
D0059,2tmUS8ZT
D0060,gzS5ZJej
D0061,pXPJoENV
D0062,HuWzfOCC
D0063,yqaa3BiK
D0064,UwrQohCF
D0065,2sD2mcuz
D0066,CbqhVZOJ
D0067,aagoJVDH
D0068,SgKR1ipR
D0069,nEIOYVh4
D0070,GBDl7bcP
D0071,9LhYu6zD
D0072,cOFOslbx
D0073,0a9AfZdF
D0074,mwKENRHm
D0075,DnzCv6jz
D0076,vNoB1tjM
D0077,r2scdBsR
D0078,QnH32Aph
D0079,Af17evMN
D0080,OTt8hbZG
D0081,z09g2YIH
D0082,l8lECMmy
D0083,MyvQ2qrm
D0084,K29Y5jOs
D0085,ibte6FgK
D0086,2sGpIFNK
D0087,a7hogBjn
D0088,ke1dnYM9
D0089,1Dr77jeP
D0090,cKiXP87Q
D0091,sPqUV3xg
D0092,z8GpHvJ9
D0093,6zKAjUWW
D0094,WurWWy8e
D0095,cgwrDDJF
D0096,CjvhTwt8
D0097,VNASTjin
D0098,d1sVdB36
D0099,p6HYlpfb
D0100,V22jZTYf
